"email address","first name","last name","password"
"JAMES.SMITH@DOMAIN","JAMES","SMITH","cl0udl0ck"
"MARY.JOHNSON@DOMAIN","MARY","JOHNSON","cl0udl0ck"
"JOHN.WILLIAMS@DOMAIN","JOHN","WILLIAMS","cl0udl0ck"
"PATRICIA.JONES@DOMAIN","PATRICIA","JONES","cl0udl0ck"
"ROBERT.BROWN@DOMAIN","ROBERT","BROWN","cl0udl0ck"
"LINDA.DAVIS@DOMAIN","LINDA","DAVIS","cl0udl0ck"
"MICHAEL.MILLER@DOMAIN","MICHAEL","MILLER","cl0udl0ck"
"BARBARA.WILSON@DOMAIN","BARBARA","WILSON","cl0udl0ck"
"WILLIAM.MOORE@DOMAIN","WILLIAM","MOORE","cl0udl0ck"
"ELIZABETH.TAYLOR@DOMAIN","ELIZABETH","TAYLOR","cl0udl0ck"
"DAVID.ANDERSON@DOMAIN","DAVID","ANDERSON","cl0udl0ck"
"JENNIFER.THOMAS@DOMAIN","JENNIFER","THOMAS","cl0udl0ck"
"RICHARD.JACKSON@DOMAIN","RICHARD","JACKSON","cl0udl0ck"
"MARIA.WHITE@DOMAIN","MARIA","WHITE","cl0udl0ck"
"CHARLES.HARRIS@DOMAIN","CHARLES","HARRIS","cl0udl0ck"
"SUSAN.MARTIN@DOMAIN","SUSAN","MARTIN","cl0udl0ck"
"JOSEPH.THOMPSON@DOMAIN","JOSEPH","THOMPSON","cl0udl0ck"
"MARGARET.GARCIA@DOMAIN","MARGARET","GARCIA","cl0udl0ck"
"THOMAS.MARTINEZ@DOMAIN","THOMAS","MARTINEZ","cl0udl0ck"
"DOROTHY.ROBINSON@DOMAIN","DOROTHY","ROBINSON","cl0udl0ck"
"CHRISTOPHERARK@DOMAIN","CHRISTOPHER","CLARK","cl0udl0ck"
"LISA.RODRIGUEZ@DOMAIN","LISA","RODRIGUEZ","cl0udl0ck"
"DANIEL.LEWIS@DOMAIN","DANIEL","LEWIS","cl0udl0ck"
"NANCY.LEE@DOMAIN","NANCY","LEE","cl0udl0ck"
"PAUL.WALKER@DOMAIN","PAUL","WALKER","cl0udl0ck"
"KAREN.HALL@DOMAIN","KAREN","HALL","cl0udl0ck"
"MARK.ALLEN@DOMAIN","MARK","ALLEN","cl0udl0ck"
"BETTY.YOUNG@DOMAIN","BETTY","YOUNG","cl0udl0ck"
"DONALD.HERNANDEZ@DOMAIN","DONALD","HERNANDEZ","cl0udl0ck"
"HELEN.KING@DOMAIN","HELEN","KING","cl0udl0ck"
"GEORGE.WRIGHT@DOMAIN","GEORGE","WRIGHT","cl0udl0ck"
"SANDRA.LOPEZ@DOMAIN","SANDRA","LOPEZ","cl0udl0ck"
"KENNETH.HILL@DOMAIN","KENNETH","HILL","cl0udl0ck"
"DONNA.SCOTT@DOMAIN","DONNA","SCOTT","cl0udl0ck"
"STEVEN.GREEN@DOMAIN","STEVEN","GREEN","cl0udl0ck"
"CAROL.ADAMS@DOMAIN","CAROL","ADAMS","cl0udl0ck"
"EDWARD.BAKER@DOMAIN","EDWARD","BAKER","cl0udl0ck"
"RUTH.GONZALEZ@DOMAIN","RUTH","GONZALEZ","cl0udl0ck"
"BRIAN.NELSON@DOMAIN","BRIAN","NELSON","cl0udl0ck"
"SHARON.CARTER@DOMAIN","SHARON","CARTER","cl0udl0ck"
"RONALD.MITCHELL@DOMAIN","RONALD","MITCHELL","cl0udl0ck"
"MICHELLE.PEREZ@DOMAIN","MICHELLE","PEREZ","cl0udl0ck"
"ANTHONY.ROBERTS@DOMAIN","ANTHONY","ROBERTS","cl0udl0ck"
"LAURA.TURNER@DOMAIN","LAURA","TURNER","cl0udl0ck"
"KEVIN.PHILLIPS@DOMAIN","KEVIN","PHILLIPS","cl0udl0ck"
"SARAH.CAMPBELL@DOMAIN","SARAH","CAMPBELL","cl0udl0ck"
"JASON.PARKER@DOMAIN","JASON","PARKER","cl0udl0ck"
"KIMBERLY.EVANS@DOMAIN","KIMBERLY","EVANS","cl0udl0ck"
"MATTHEW.EDWARDS@DOMAIN","MATTHEW","EDWARDS","cl0udl0ck"
"DEBORAH.COLLINS@DOMAIN","DEBORAH","COLLINS","cl0udl0ck"
